{
    "20": {
        "iter": 20,
        "logZ": 1.0291138849621153,
        "max_ld": -0.2401858936593611,
        "n_proc": 1,
        "p0_mean_sum": 0.8929727082128965,
        "p0_std_sum": 0.37329946457544416
    },
    "40": {
        "iter": 40,
        "logZ": 0.3788742203097675,
        "max_ld": -0.11802005196604815,
        "n_proc": 1,
        "p0_mean_sum": 0.9088401052299271,
        "p0_std_sum": 0.43995153104347073
    },
    "60": {
        "iter": 60,
        "logZ": 0.4187691585195572,
        "max_ld": -0.04777695212697681,
        "n_proc": 1,
        "p0_mean_sum": 0.944664528485611,
        "p0_std_sum": 0.463170077466969
    },
    "80": {
        "iter": 80,
        "logZ": -0.08108568386393333,
        "max_ld": -0.04777695212697681,
        "n_proc": 1,
        "p0_mean_sum": 0.946029117356191,
        "p0_std_sum": 0.496533546238201
    }
}